Site,Time,Occ1,Occ2,Occ3,Tussock,Pasture,HabType
1,1,0,0,0,0,1,Pasture
2,1,0,0,0,0,1,Pasture
3,1,0,0,0,0,1,Pasture
4,1,0,NA,NA,0,1,Pasture
5,1,0,NA,NA,0,1,Pasture
6,1,0,NA,NA,0,1,Pasture
7,1,0,NA,NA,0,1,Pasture
8,1,0,NA,NA,0,1,Pasture
9,1,0,NA,NA,0,1,Pasture
10,1,0,NA,NA,0,1,Pasture
11,1,0,NA,NA,0,1,Pasture
12,1,0,0,0,0,1,Pasture
13,1,0,NA,NA,0,1,Pasture
14,1,0,NA,NA,0,1,Pasture
15,1,1,NA,NA,0,1,Pasture
16,1,1,NA,NA,0,1,Pasture
17,1,0,NA,NA,0,1,Pasture
18,1,0,NA,NA,0,1,Pasture
19,1,0,1,NA,0,1,Pasture
20,1,0,0,NA,0,1,Pasture
21,1,1,NA,NA,0,1,Pasture
22,1,0,0,0,0,1,Pasture
23,1,0,NA,NA,0,1,Pasture
24,1,0,0,0,0,1,Pasture
25,1,0,0,0,0,1,Pasture
26,1,0,NA,NA,0,1,Pasture
27,1,0,0,0,0,1,Pasture
28,1,0,0,0,0,1,Pasture
29,1,0,NA,NA,0,1,Pasture
30,1,0,0,0,0,1,Pasture
31,1,0,0,NA,0,1,Pasture
32,1,0,NA,NA,0,1,Pasture
33,1,1,NA,NA,0,1,Pasture
34,1,1,NA,NA,0,1,Pasture
35,1,0,NA,NA,0,1,Pasture
36,1,1,NA,NA,0,1,Pasture
37,1,1,NA,NA,0,1,Pasture
38,1,0,0,0,0,1,Pasture
39,1,1,NA,NA,0,1,Pasture
40,1,0,0,0,0,1,Pasture
41,1,0,0,0,0,1,Pasture
42,1,0,0,NA,0,1,Pasture
43,1,0,0,0,0,1,Pasture
44,1,0,1,NA,0,1,Pasture
45,1,0,0,0,0,1,Pasture
46,1,0,0,NA,0,1,Pasture
47,1,0,0,0,0,1,Pasture
48,1,0,0,0,0,1,Pasture
49,1,0,NA,NA,0,1,Pasture
50,1,0,0,0,0,1,Pasture
51,1,0,NA,NA,0,1,Pasture
52,1,0,NA,NA,0,1,Pasture
53,1,0,NA,NA,0,1,Pasture
54,1,0,NA,NA,0,1,Pasture
55,1,0,NA,NA,0,1,Pasture
56,1,0,NA,NA,0,1,Pasture
57,1,0,0,0,0,1,Pasture
58,1,0,0,0,0,1,Pasture
59,1,0,NA,NA,0,1,Pasture
60,1,0,NA,NA,0,1,Pasture
61,1,0,0,0,0,1,Pasture
62,1,0,NA,NA,0,1,Pasture
63,1,0,0,0,0,1,Pasture
64,1,0,0,0,0,1,Pasture
65,1,0,0,NA,0,1,Pasture
66,1,0,NA,NA,0,1,Pasture
67,1,0,0,NA,0,1,Pasture
68,1,0,NA,NA,0,1,Pasture
69,1,0,0,0,0,1,Pasture
70,1,0,0,0,0,1,Pasture
71,1,0,0,0,0,1,Pasture
72,1,0,0,0,0,1,Pasture
73,1,0,0,0,0,1,Pasture
74,1,0,0,0,0,1,Pasture
75,1,0,NA,NA,0,1,Pasture
76,1,0,0,0,0,1,Pasture
77,1,0,NA,NA,0,1,Pasture
78,1,0,0,NA,0,1,Pasture
79,1,0,NA,NA,0,1,Pasture
80,1,1,NA,NA,0,1,Pasture
81,1,0,0,0,0,1,Pasture
82,1,0,0,0,0,1,Pasture
83,1,0,0,NA,0,1,Pasture
84,1,0,NA,NA,0,1,Pasture
85,1,NA,NA,NA,0,1,Pasture
86,1,1,NA,NA,0,1,Pasture
87,1,0,NA,NA,0,1,Pasture
88,1,1,0,NA,0,1,Pasture
89,1,0,0,NA,0,1,Pasture
90,1,0,0,0,0,1,Pasture
91,1,0,0,0,0,1,Pasture
92,1,0,0,0,0,1,Pasture
93,1,0,0,0,0,1,Pasture
94,1,0,NA,NA,0,1,Pasture
95,1,0,0,0,0,1,Pasture
96,1,0,NA,NA,0,1,Pasture
97,1,1,NA,NA,0,1,Pasture
98,1,0,0,0,0,1,Pasture
99,1,1,NA,NA,0,1,Pasture
100,1,1,NA,NA,0,1,Pasture
101,1,1,NA,NA,0,1,Pasture
102,1,1,1,NA,0,1,Pasture
103,1,0,NA,NA,0,1,Pasture
104,1,1,NA,NA,0,1,Pasture
105,1,1,1,NA,0,1,Pasture
106,1,0,0,0,0,1,Pasture
107,1,0,0,0,0,1,Pasture
108,1,NA,NA,NA,0,1,Pasture
109,1,0,0,0,0,1,Pasture
110,1,0,NA,NA,0,1,Pasture
111,1,0,NA,NA,0,1,Pasture
112,1,0,NA,NA,0,1,Pasture
113,1,0,0,0,0,1,Pasture
114,1,1,0,1,0,1,Pasture
115,1,0,0,NA,0,1,Pasture
116,1,0,0,0,0,1,Pasture
117,1,0,0,NA,0,1,Pasture
118,1,0,0,0,0,1,Pasture
119,1,0,NA,NA,0,1,Pasture
120,1,1,NA,NA,0,1,Pasture
121,1,1,NA,NA,0,1,Pasture
122,1,0,0,0,0,1,Pasture
123,1,0,NA,NA,0,1,Pasture
124,1,0,NA,NA,0,1,Pasture
125,1,NA,NA,NA,0,1,Pasture
126,1,NA,NA,NA,0,1,Pasture
127,1,NA,NA,NA,0,1,Pasture
128,1,NA,NA,NA,0,1,Pasture
129,1,NA,NA,NA,0,1,Pasture
130,1,NA,NA,NA,0,1,Pasture
131,1,NA,NA,NA,0,1,Pasture
132,1,NA,NA,NA,0,1,Pasture
133,1,NA,NA,NA,0,1,Pasture
134,1,NA,NA,NA,0,1,Pasture
135,1,NA,NA,NA,0,1,Pasture
136,1,NA,NA,NA,1,0,Tussock
137,1,0,0,0,1,0,Tussock
138,1,1,NA,NA,1,0,Tussock
139,1,1,NA,NA,1,0,Tussock
140,1,0,NA,NA,1,0,Tussock
141,1,0,NA,NA,1,0,Tussock
142,1,0,NA,NA,1,0,Tussock
143,1,0,NA,NA,1,0,Tussock
144,1,1,NA,NA,1,0,Tussock
145,1,0,NA,NA,1,0,Tussock
146,1,0,NA,NA,1,0,Tussock
147,1,0,0,0,1,0,Tussock
148,1,0,NA,NA,1,0,Tussock
149,1,0,NA,NA,1,0,Tussock
150,1,0,NA,NA,1,0,Tussock
151,1,0,NA,NA,1,0,Tussock
152,1,0,0,0,1,0,Tussock
153,1,0,NA,NA,1,0,Tussock
154,1,1,NA,NA,1,0,Tussock
155,1,1,NA,NA,1,0,Tussock
156,1,0,NA,NA,1,0,Tussock
157,1,0,NA,NA,1,0,Tussock
158,1,0,0,0,1,0,Tussock
159,1,0,NA,NA,1,0,Tussock
160,1,0,NA,NA,1,0,Tussock
161,1,0,NA,NA,1,0,Tussock
162,1,0,NA,NA,1,0,Tussock
163,1,0,NA,NA,1,0,Tussock
164,1,0,0,0,1,0,Tussock
165,1,0,NA,NA,1,0,Tussock
166,1,1,NA,NA,1,0,Tussock
167,1,0,0,NA,1,0,Tussock
168,1,0,1,NA,1,0,Tussock
169,1,0,1,NA,1,0,Tussock
170,1,1,NA,NA,1,0,Tussock
171,1,0,0,NA,1,0,Tussock
172,1,0,NA,NA,1,0,Tussock
173,1,0,NA,NA,1,0,Tussock
174,1,0,1,1,1,0,Tussock
175,1,0,0,1,1,0,Tussock
176,1,0,NA,NA,1,0,Tussock
177,1,1,NA,NA,1,0,Tussock
178,1,1,NA,NA,1,0,Tussock
179,1,0,NA,NA,1,0,Tussock
180,1,0,NA,NA,1,0,Tussock
181,1,0,0,NA,1,0,Tussock
182,1,1,NA,NA,1,0,Tussock
183,1,0,NA,NA,1,0,Tussock
184,1,1,NA,NA,1,0,Tussock
185,1,1,NA,NA,1,0,Tussock
186,1,0,NA,NA,1,0,Tussock
187,1,0,NA,NA,1,0,Tussock
188,1,0,NA,NA,1,0,Tussock
189,1,1,NA,NA,1,0,Tussock
190,1,0,NA,NA,1,0,Tussock
191,1,0,NA,NA,1,0,Tussock
192,1,0,0,0,1,0,Tussock
193,1,0,NA,NA,1,0,Tussock
194,1,0,NA,NA,1,0,Tussock
195,1,0,0,0,1,0,Tussock
196,1,0,0,0,1,0,Tussock
197,1,0,NA,NA,1,0,Tussock
198,1,1,NA,NA,1,0,Tussock
199,1,0,NA,NA,1,0,Tussock
200,1,0,0,0,1,0,Tussock
201,1,0,1,NA,1,0,Tussock
202,1,0,NA,NA,1,0,Tussock
203,1,0,0,0,1,0,Tussock
204,1,0,NA,NA,1,0,Tussock
205,1,0,0,0,1,0,Tussock
206,1,0,NA,NA,1,0,Tussock
207,1,0,0,0,1,0,Tussock
208,1,0,NA,NA,1,0,Tussock
209,1,0,NA,NA,1,0,Tussock
210,1,0,0,0,1,0,Tussock
211,1,0,0,0,1,0,Tussock
212,1,1,NA,NA,1,0,Tussock
213,1,1,NA,NA,1,0,Tussock
214,1,1,NA,NA,1,0,Tussock
215,1,0,0,0,1,0,Tussock
216,1,0,NA,NA,1,0,Tussock
217,1,1,NA,NA,1,0,Tussock
218,1,NA,NA,NA,1,0,Tussock
219,1,0,1,NA,1,0,Tussock
220,1,1,NA,NA,1,0,Tussock
221,1,1,NA,NA,1,0,Tussock
222,1,1,NA,NA,1,0,Tussock
223,1,0,1,NA,1,0,Tussock
224,1,1,0,NA,1,0,Tussock
225,1,0,0,0,1,0,Tussock
226,1,0,NA,NA,1,0,Tussock
227,1,0,NA,NA,1,0,Tussock
228,1,1,NA,NA,1,0,Tussock
229,1,1,NA,NA,1,0,Tussock
230,1,1,NA,NA,1,0,Tussock
231,1,0,NA,NA,1,0,Tussock
232,1,0,NA,NA,1,0,Tussock
233,1,0,NA,NA,1,0,Tussock
234,1,0,NA,NA,1,0,Tussock
235,1,1,NA,NA,1,0,Tussock
236,1,1,NA,NA,1,0,Tussock
237,1,1,NA,NA,1,0,Tussock
238,1,1,NA,NA,1,0,Tussock
239,1,1,NA,NA,1,0,Tussock
240,1,1,NA,NA,1,0,Tussock
241,1,1,NA,NA,1,0,Tussock
242,1,1,NA,NA,1,0,Tussock
243,1,1,NA,NA,1,0,Tussock
244,1,0,0,1,1,0,Tussock
245,1,1,NA,NA,1,0,Tussock
246,1,1,NA,NA,1,0,Tussock
247,1,1,NA,NA,1,0,Tussock
248,1,0,NA,NA,1,0,Tussock
249,1,0,NA,NA,1,0,Tussock
250,1,1,NA,NA,1,0,Tussock
251,1,1,NA,NA,1,0,Tussock
252,1,0,1,NA,1,0,Tussock
253,1,1,NA,NA,1,0,Tussock
254,1,0,0,NA,1,0,Tussock
255,1,0,NA,NA,1,0,Tussock
256,1,1,NA,NA,1,0,Tussock
257,1,1,NA,NA,1,0,Tussock
258,1,0,0,0,1,0,Tussock
259,1,0,0,0,1,0,Tussock
260,1,0,1,NA,1,0,Tussock
261,1,0,0,0,1,0,Tussock
262,1,0,NA,NA,1,0,Tussock
263,1,0,0,NA,1,0,Tussock
264,1,0,NA,NA,1,0,Tussock
265,1,0,NA,NA,1,0,Tussock
266,1,0,NA,NA,1,0,Tussock
267,1,0,0,0,1,0,Tussock
268,1,0,0,0,1,0,Tussock
269,1,0,NA,NA,1,0,Tussock
270,1,0,NA,NA,1,0,Tussock
271,1,0,0,0,1,0,Tussock
272,1,0,0,0,1,0,Tussock
273,1,NA,NA,NA,1,0,Tussock
274,1,0,1,NA,1,0,Tussock
275,1,0,0,0,1,0,Tussock
276,1,0,0,0,1,0,Tussock
277,1,0,NA,NA,1,0,Tussock
278,1,1,NA,NA,1,0,Tussock
279,1,0,0,0,1,0,Tussock
280,1,0,NA,NA,1,0,Tussock
281,1,0,NA,NA,1,0,Tussock
282,1,0,0,0,1,0,Tussock
283,1,1,NA,NA,1,0,Tussock
284,1,1,NA,NA,1,0,Tussock
285,1,1,NA,NA,1,0,Tussock
286,1,1,NA,NA,1,0,Tussock
287,1,0,NA,NA,1,0,Tussock
288,1,0,NA,NA,1,0,Tussock
289,1,1,NA,NA,1,0,Tussock
290,1,1,NA,NA,1,0,Tussock
291,1,0,NA,NA,1,0,Tussock
292,1,1,NA,NA,1,0,Tussock
293,1,NA,NA,NA,1,0,Tussock
294,1,0,0,0,1,0,Tussock
295,1,1,NA,NA,1,0,Tussock
296,1,0,NA,NA,1,0,Tussock
297,1,1,NA,NA,1,0,Tussock
298,1,NA,NA,NA,1,0,Tussock
299,1,1,NA,NA,1,0,Tussock
300,1,0,NA,NA,1,0,Tussock
301,1,1,NA,NA,1,0,Tussock
302,1,0,0,0,1,0,Tussock
303,1,0,NA,NA,1,0,Tussock
304,1,0,NA,NA,1,0,Tussock
305,1,0,NA,NA,1,0,Tussock
306,1,0,NA,NA,1,0,Tussock
307,1,0,1,0,1,0,Tussock
308,1,1,NA,NA,1,0,Tussock
309,1,0,NA,NA,1,0,Tussock
310,1,1,NA,NA,1,0,Tussock
311,1,1,1,NA,1,0,Tussock
312,1,1,NA,NA,1,0,Tussock
313,1,0,1,NA,1,0,Tussock
314,1,NA,NA,NA,1,0,Tussock
315,1,NA,NA,NA,1,0,Tussock
316,1,NA,NA,NA,1,0,Tussock
317,1,NA,NA,NA,1,0,Tussock
318,1,NA,NA,NA,1,0,Tussock
319,1,NA,NA,NA,1,0,Tussock
320,1,NA,NA,NA,1,0,Tussock
321,1,NA,NA,NA,1,0,Tussock
322,1,NA,NA,NA,1,0,Tussock
323,1,NA,NA,NA,1,0,Tussock
324,1,NA,NA,NA,1,0,Tussock
325,1,NA,NA,NA,1,0,Tussock
326,1,NA,NA,NA,1,0,Tussock
327,1,NA,NA,NA,1,0,Tussock
328,1,0,NA,NA,1,0,Tussock
329,1,NA,NA,NA,1,0,Tussock
330,1,NA,NA,NA,1,0,Tussock
331,1,NA,NA,NA,1,0,Tussock
332,1,NA,NA,NA,1,0,Tussock
333,1,NA,NA,NA,1,0,Tussock
334,1,NA,NA,NA,1,0,Tussock
335,1,NA,NA,NA,1,0,Tussock
336,1,NA,NA,NA,1,0,Tussock
337,1,NA,NA,NA,1,0,Tussock
338,1,0,0,NA,1,0,Tussock
1,2,0,0,0,0,1,Pasture
2,2,0,0,NA,0,1,Pasture
3,2,0,0,NA,0,1,Pasture
4,2,0,NA,NA,0,1,Pasture
5,2,NA,NA,NA,0,1,Pasture
6,2,NA,NA,NA,0,1,Pasture
7,2,NA,NA,NA,0,1,Pasture
8,2,NA,NA,NA,0,1,Pasture
9,2,NA,NA,NA,0,1,Pasture
10,2,0,NA,NA,0,1,Pasture
11,2,NA,NA,NA,0,1,Pasture
12,2,0,0,0,0,1,Pasture
13,2,1,NA,NA,0,1,Pasture
14,2,0,NA,NA,0,1,Pasture
15,2,1,NA,NA,0,1,Pasture
16,2,1,NA,NA,0,1,Pasture
17,2,0,NA,NA,0,1,Pasture
18,2,0,NA,NA,0,1,Pasture
19,2,0,0,0,0,1,Pasture
20,2,0,NA,NA,0,1,Pasture
21,2,1,NA,NA,0,1,Pasture
22,2,0,0,0,0,1,Pasture
23,2,0,NA,NA,0,1,Pasture
24,2,0,0,0,0,1,Pasture
25,2,0,0,0,0,1,Pasture
26,2,0,NA,NA,0,1,Pasture
27,2,0,0,0,0,1,Pasture
28,2,0,0,0,0,1,Pasture
29,2,0,NA,NA,0,1,Pasture
30,2,0,0,NA,0,1,Pasture
31,2,0,0,0,0,1,Pasture
32,2,0,NA,NA,0,1,Pasture
33,2,1,NA,NA,0,1,Pasture
34,2,NA,NA,NA,0,1,Pasture
35,2,NA,NA,NA,0,1,Pasture
36,2,0,0,0,0,1,Pasture
37,2,1,NA,NA,0,1,Pasture
38,2,0,0,0,0,1,Pasture
39,2,0,NA,NA,0,1,Pasture
40,2,0,0,0,0,1,Pasture
41,2,0,0,0,0,1,Pasture
42,2,0,0,0,0,1,Pasture
43,2,0,0,NA,0,1,Pasture
44,2,0,0,0,0,1,Pasture
45,2,0,0,0,0,1,Pasture
46,2,0,0,NA,0,1,Pasture
47,2,0,0,0,0,1,Pasture
48,2,0,0,NA,0,1,Pasture
49,2,0,NA,NA,0,1,Pasture
50,2,0,0,0,0,1,Pasture
51,2,0,NA,NA,0,1,Pasture
52,2,0,NA,NA,0,1,Pasture
53,2,0,NA,NA,0,1,Pasture
54,2,0,NA,NA,0,1,Pasture
55,2,NA,NA,NA,0,1,Pasture
56,2,0,NA,NA,0,1,Pasture
57,2,0,0,0,0,1,Pasture
58,2,0,NA,NA,0,1,Pasture
59,2,0,NA,NA,0,1,Pasture
60,2,0,NA,NA,0,1,Pasture
61,2,0,0,0,0,1,Pasture
62,2,0,NA,NA,0,1,Pasture
63,2,0,0,NA,0,1,Pasture
64,2,0,0,0,0,1,Pasture
65,2,0,0,NA,0,1,Pasture
66,2,0,NA,NA,0,1,Pasture
67,2,0,NA,NA,0,1,Pasture
68,2,0,NA,NA,0,1,Pasture
69,2,0,0,0,0,1,Pasture
70,2,0,0,0,0,1,Pasture
71,2,0,1,NA,0,1,Pasture
72,2,0,0,0,0,1,Pasture
73,2,0,0,0,0,1,Pasture
74,2,0,0,0,0,1,Pasture
75,2,NA,NA,NA,0,1,Pasture
76,2,0,0,0,0,1,Pasture
77,2,0,NA,NA,0,1,Pasture
78,2,0,NA,NA,0,1,Pasture
79,2,0,0,NA,0,1,Pasture
80,2,1,NA,NA,0,1,Pasture
81,2,0,0,1,0,1,Pasture
82,2,0,0,NA,0,1,Pasture
83,2,0,0,NA,0,1,Pasture
84,2,1,NA,NA,0,1,Pasture
85,2,0,0,NA,0,1,Pasture
86,2,1,NA,NA,0,1,Pasture
87,2,NA,NA,NA,0,1,Pasture
88,2,0,0,0,0,1,Pasture
89,2,1,NA,NA,0,1,Pasture
90,2,0,0,0,0,1,Pasture
91,2,0,0,0,0,1,Pasture
92,2,0,0,0,0,1,Pasture
93,2,0,0,0,0,1,Pasture
94,2,0,0,NA,0,1,Pasture
95,2,0,0,NA,0,1,Pasture
96,2,1,NA,NA,0,1,Pasture
97,2,1,1,0,0,1,Pasture
98,2,1,NA,NA,0,1,Pasture
99,2,0,NA,NA,0,1,Pasture
100,2,1,NA,NA,0,1,Pasture
101,2,1,NA,NA,0,1,Pasture
102,2,1,NA,NA,0,1,Pasture
103,2,0,NA,NA,0,1,Pasture
104,2,1,1,NA,0,1,Pasture
105,2,1,NA,NA,0,1,Pasture
106,2,0,0,0,0,1,Pasture
107,2,0,0,NA,0,1,Pasture
108,2,NA,NA,NA,0,1,Pasture
109,2,0,0,0,0,1,Pasture
110,2,0,0,NA,0,1,Pasture
111,2,0,NA,NA,0,1,Pasture
112,2,0,NA,NA,0,1,Pasture
113,2,0,0,NA,0,1,Pasture
114,2,0,NA,NA,0,1,Pasture
115,2,0,0,NA,0,1,Pasture
116,2,0,0,NA,0,1,Pasture
117,2,0,0,NA,0,1,Pasture
118,2,0,0,NA,0,1,Pasture
119,2,0,0,0,0,1,Pasture
120,2,1,NA,NA,0,1,Pasture
121,2,1,NA,NA,0,1,Pasture
122,2,0,0,NA,0,1,Pasture
123,2,0,NA,NA,0,1,Pasture
124,2,NA,NA,NA,0,1,Pasture
125,2,0,NA,NA,0,1,Pasture
126,2,NA,NA,NA,0,1,Pasture
127,2,0,NA,NA,0,1,Pasture
128,2,NA,NA,NA,0,1,Pasture
129,2,NA,NA,NA,0,1,Pasture
130,2,NA,NA,NA,0,1,Pasture
131,2,NA,NA,NA,0,1,Pasture
132,2,NA,NA,NA,0,1,Pasture
133,2,NA,NA,NA,0,1,Pasture
134,2,NA,NA,NA,0,1,Pasture
135,2,NA,NA,NA,0,1,Pasture
136,2,0,NA,NA,1,0,Tussock
137,2,0,0,0,1,0,Tussock
138,2,1,NA,NA,1,0,Tussock
139,2,1,NA,NA,1,0,Tussock
140,2,1,NA,NA,1,0,Tussock
141,2,1,NA,NA,1,0,Tussock
142,2,NA,NA,NA,1,0,Tussock
143,2,1,NA,NA,1,0,Tussock
144,2,1,NA,NA,1,0,Tussock
145,2,0,NA,NA,1,0,Tussock
146,2,1,NA,NA,1,0,Tussock
147,2,0,0,0,1,0,Tussock
148,2,0,NA,NA,1,0,Tussock
149,2,0,NA,NA,1,0,Tussock
150,2,0,NA,NA,1,0,Tussock
151,2,1,NA,NA,1,0,Tussock
152,2,0,0,NA,1,0,Tussock
153,2,0,NA,NA,1,0,Tussock
154,2,0,1,NA,1,0,Tussock
155,2,0,0,0,1,0,Tussock
156,2,0,NA,NA,1,0,Tussock
157,2,0,NA,NA,1,0,Tussock
158,2,0,1,NA,1,0,Tussock
159,2,NA,NA,NA,1,0,Tussock
160,2,NA,NA,NA,1,0,Tussock
161,2,NA,NA,NA,1,0,Tussock
162,2,NA,NA,NA,1,0,Tussock
163,2,NA,NA,NA,1,0,Tussock
164,2,0,0,0,1,0,Tussock
165,2,0,NA,NA,1,0,Tussock
166,2,0,NA,NA,1,0,Tussock
167,2,0,1,NA,1,0,Tussock
168,2,1,1,NA,1,0,Tussock
169,2,0,NA,NA,1,0,Tussock
170,2,1,NA,NA,1,0,Tussock
171,2,0,NA,NA,1,0,Tussock
172,2,0,NA,NA,1,0,Tussock
173,2,0,NA,NA,1,0,Tussock
174,2,0,1,NA,1,0,Tussock
175,2,1,NA,NA,1,0,Tussock
176,2,NA,NA,NA,1,0,Tussock
177,2,NA,NA,NA,1,0,Tussock
178,2,1,NA,NA,1,0,Tussock
179,2,NA,NA,NA,1,0,Tussock
180,2,NA,NA,NA,1,0,Tussock
181,2,0,0,NA,1,0,Tussock
182,2,NA,NA,NA,1,0,Tussock
183,2,NA,NA,NA,1,0,Tussock
184,2,NA,NA,NA,1,0,Tussock
185,2,NA,NA,NA,1,0,Tussock
186,2,NA,NA,NA,1,0,Tussock
187,2,NA,NA,NA,1,0,Tussock
188,2,NA,NA,NA,1,0,Tussock
189,2,0,1,NA,1,0,Tussock
190,2,NA,NA,NA,1,0,Tussock
191,2,NA,NA,NA,1,0,Tussock
192,2,0,0,NA,1,0,Tussock
193,2,NA,NA,NA,1,0,Tussock
194,2,NA,NA,NA,1,0,Tussock
195,2,0,NA,NA,1,0,Tussock
196,2,0,NA,NA,1,0,Tussock
197,2,NA,NA,NA,1,0,Tussock
198,2,NA,NA,NA,1,0,Tussock
199,2,NA,NA,NA,1,0,Tussock
200,2,0,0,NA,1,0,Tussock
201,2,1,NA,NA,1,0,Tussock
202,2,NA,NA,NA,1,0,Tussock
203,2,1,NA,NA,1,0,Tussock
204,2,0,NA,NA,1,0,Tussock
205,2,0,0,0,1,0,Tussock
206,2,NA,NA,NA,1,0,Tussock
207,2,NA,NA,NA,1,0,Tussock
208,2,NA,NA,NA,1,0,Tussock
209,2,NA,NA,NA,1,0,Tussock
210,2,0,NA,NA,1,0,Tussock
211,2,0,NA,NA,1,0,Tussock
212,2,0,0,0,1,0,Tussock
213,2,1,0,NA,1,0,Tussock
214,2,0,NA,NA,1,0,Tussock
215,2,0,0,0,1,0,Tussock
216,2,0,NA,NA,1,0,Tussock
217,2,0,1,NA,1,0,Tussock
218,2,0,1,NA,1,0,Tussock
219,2,0,1,NA,1,0,Tussock
220,2,0,NA,NA,1,0,Tussock
221,2,1,NA,NA,1,0,Tussock
222,2,0,0,1,1,0,Tussock
223,2,0,1,NA,1,0,Tussock
224,2,0,NA,NA,1,0,Tussock
225,2,0,0,0,1,0,Tussock
226,2,0,NA,NA,1,0,Tussock
227,2,0,NA,NA,1,0,Tussock
228,2,0,1,NA,1,0,Tussock
229,2,0,NA,NA,1,0,Tussock
230,2,1,NA,NA,1,0,Tussock
231,2,0,NA,NA,1,0,Tussock
232,2,0,NA,NA,1,0,Tussock
233,2,0,NA,NA,1,0,Tussock
234,2,0,1,NA,1,0,Tussock
235,2,1,NA,NA,1,0,Tussock
236,2,1,NA,NA,1,0,Tussock
237,2,1,NA,NA,1,0,Tussock
238,2,1,NA,NA,1,0,Tussock
239,2,1,NA,NA,1,0,Tussock
240,2,1,NA,NA,1,0,Tussock
241,2,1,NA,NA,1,0,Tussock
242,2,1,NA,NA,1,0,Tussock
243,2,1,NA,NA,1,0,Tussock
244,2,1,NA,NA,1,0,Tussock
245,2,1,NA,NA,1,0,Tussock
246,2,1,NA,NA,1,0,Tussock
247,2,1,NA,NA,1,0,Tussock
248,2,1,NA,NA,1,0,Tussock
249,2,1,NA,NA,1,0,Tussock
250,2,0,NA,NA,1,0,Tussock
251,2,0,NA,NA,1,0,Tussock
252,2,1,NA,NA,1,0,Tussock
253,2,1,0,NA,1,0,Tussock
254,2,0,NA,NA,1,0,Tussock
255,2,0,NA,NA,1,0,Tussock
256,2,0,0,0,1,0,Tussock
257,2,0,NA,NA,1,0,Tussock
258,2,0,0,0,1,0,Tussock
259,2,0,0,0,1,0,Tussock
260,2,1,0,NA,1,0,Tussock
261,2,0,0,0,1,0,Tussock
262,2,0,NA,NA,1,0,Tussock
263,2,0,NA,NA,1,0,Tussock
264,2,0,NA,NA,1,0,Tussock
265,2,NA,NA,NA,1,0,Tussock
266,2,0,NA,NA,1,0,Tussock
267,2,0,0,0,1,0,Tussock
268,2,0,NA,NA,1,0,Tussock
269,2,0,NA,NA,1,0,Tussock
270,2,NA,NA,NA,1,0,Tussock
271,2,0,0,0,1,0,Tussock
272,2,0,0,NA,1,0,Tussock
273,2,NA,NA,NA,1,0,Tussock
274,2,1,NA,NA,1,0,Tussock
275,2,1,NA,NA,1,0,Tussock
276,2,0,0,NA,1,0,Tussock
277,2,0,0,0,1,0,Tussock
278,2,1,NA,NA,1,0,Tussock
279,2,0,1,NA,1,0,Tussock
280,2,0,0,0,1,0,Tussock
281,2,1,NA,NA,1,0,Tussock
282,2,0,0,0,1,0,Tussock
283,2,1,NA,NA,1,0,Tussock
284,2,1,NA,NA,1,0,Tussock
285,2,1,NA,NA,1,0,Tussock
286,2,1,NA,NA,1,0,Tussock
287,2,1,NA,NA,1,0,Tussock
288,2,0,0,0,1,0,Tussock
289,2,1,NA,NA,1,0,Tussock
290,2,1,NA,NA,1,0,Tussock
291,2,1,NA,NA,1,0,Tussock
292,2,1,NA,NA,1,0,Tussock
293,2,NA,NA,NA,1,0,Tussock
294,2,0,1,NA,1,0,Tussock
295,2,1,NA,NA,1,0,Tussock
296,2,1,NA,NA,1,0,Tussock
297,2,1,NA,NA,1,0,Tussock
298,2,NA,NA,NA,1,0,Tussock
299,2,1,NA,NA,1,0,Tussock
300,2,1,NA,NA,1,0,Tussock
301,2,1,NA,NA,1,0,Tussock
302,2,0,0,NA,1,0,Tussock
303,2,0,NA,NA,1,0,Tussock
304,2,0,NA,NA,1,0,Tussock
305,2,0,NA,NA,1,0,Tussock
306,2,0,NA,NA,1,0,Tussock
307,2,1,0,NA,1,0,Tussock
308,2,1,NA,NA,1,0,Tussock
309,2,NA,NA,NA,1,0,Tussock
310,2,1,NA,NA,1,0,Tussock
311,2,0,NA,NA,1,0,Tussock
312,2,0,NA,NA,1,0,Tussock
313,2,0,NA,NA,1,0,Tussock
314,2,NA,NA,NA,1,0,Tussock
315,2,NA,NA,NA,1,0,Tussock
316,2,NA,NA,NA,1,0,Tussock
317,2,NA,NA,NA,1,0,Tussock
318,2,NA,NA,NA,1,0,Tussock
319,2,NA,NA,NA,1,0,Tussock
320,2,NA,NA,NA,1,0,Tussock
321,2,NA,NA,NA,1,0,Tussock
322,2,NA,NA,NA,1,0,Tussock
323,2,0,NA,NA,1,0,Tussock
324,2,NA,NA,NA,1,0,Tussock
325,2,1,NA,NA,1,0,Tussock
326,2,0,NA,NA,1,0,Tussock
327,2,NA,NA,NA,1,0,Tussock
328,2,0,NA,NA,1,0,Tussock
329,2,NA,NA,NA,1,0,Tussock
330,2,NA,NA,NA,1,0,Tussock
331,2,NA,NA,NA,1,0,Tussock
332,2,NA,NA,NA,1,0,Tussock
333,2,NA,NA,NA,1,0,Tussock
334,2,NA,NA,NA,1,0,Tussock
335,2,NA,NA,NA,1,0,Tussock
336,2,NA,NA,NA,1,0,Tussock
337,2,1,NA,NA,1,0,Tussock
338,2,0,NA,NA,1,0,Tussock
1,3,0,0,NA,0,1,Pasture
2,3,0,0,0,0,1,Pasture
3,3,0,0,0,0,1,Pasture
4,3,0,NA,NA,0,1,Pasture
5,3,NA,NA,NA,0,1,Pasture
6,3,NA,NA,NA,0,1,Pasture
7,3,NA,NA,NA,0,1,Pasture
8,3,NA,NA,NA,0,1,Pasture
9,3,NA,NA,NA,0,1,Pasture
10,3,0,NA,NA,0,1,Pasture
11,3,NA,NA,NA,0,1,Pasture
12,3,0,0,0,0,1,Pasture
13,3,0,NA,NA,0,1,Pasture
14,3,0,NA,NA,0,1,Pasture
15,3,1,NA,NA,0,1,Pasture
16,3,1,NA,NA,0,1,Pasture
17,3,0,NA,NA,0,1,Pasture
18,3,0,0,NA,0,1,Pasture
19,3,0,0,0,0,1,Pasture
20,3,0,NA,NA,0,1,Pasture
21,3,0,1,NA,0,1,Pasture
22,3,0,0,0,0,1,Pasture
23,3,0,NA,NA,0,1,Pasture
24,3,0,0,0,0,1,Pasture
25,3,0,0,0,0,1,Pasture
26,3,0,0,NA,0,1,Pasture
27,3,0,0,0,0,1,Pasture
28,3,0,0,0,0,1,Pasture
29,3,0,NA,NA,0,1,Pasture
30,3,0,0,0,0,1,Pasture
31,3,0,0,1,0,1,Pasture
32,3,0,NA,NA,0,1,Pasture
33,3,0,0,1,0,1,Pasture
34,3,0,NA,NA,0,1,Pasture
35,3,0,NA,NA,0,1,Pasture
36,3,0,0,0,0,1,Pasture
37,3,1,0,NA,0,1,Pasture
38,3,0,0,0,0,1,Pasture
39,3,0,NA,NA,0,1,Pasture
40,3,0,0,0,0,1,Pasture
41,3,0,0,0,0,1,Pasture
42,3,0,0,0,0,1,Pasture
43,3,0,0,NA,0,1,Pasture
44,3,0,0,0,0,1,Pasture
45,3,0,0,0,0,1,Pasture
46,3,0,NA,NA,0,1,Pasture
47,3,0,0,0,0,1,Pasture
48,3,0,0,0,0,1,Pasture
49,3,0,NA,NA,0,1,Pasture
50,3,0,0,0,0,1,Pasture
51,3,0,NA,NA,0,1,Pasture
52,3,0,NA,NA,0,1,Pasture
53,3,0,NA,NA,0,1,Pasture
54,3,0,NA,NA,0,1,Pasture
55,3,NA,NA,NA,0,1,Pasture
56,3,0,NA,NA,0,1,Pasture
57,3,0,0,0,0,1,Pasture
58,3,0,NA,NA,0,1,Pasture
59,3,0,NA,NA,0,1,Pasture
60,3,0,NA,NA,0,1,Pasture
61,3,0,0,0,0,1,Pasture
62,3,0,NA,NA,0,1,Pasture
63,3,0,0,0,0,1,Pasture
64,3,0,0,0,0,1,Pasture
65,3,0,0,NA,0,1,Pasture
66,3,0,NA,NA,0,1,Pasture
67,3,0,NA,NA,0,1,Pasture
68,3,0,NA,NA,0,1,Pasture
69,3,0,0,NA,0,1,Pasture
70,3,0,0,NA,0,1,Pasture
71,3,1,NA,NA,0,1,Pasture
72,3,0,0,0,0,1,Pasture
73,3,0,0,0,0,1,Pasture
74,3,0,0,0,0,1,Pasture
75,3,NA,NA,NA,0,1,Pasture
76,3,0,0,0,0,1,Pasture
77,3,0,NA,NA,0,1,Pasture
78,3,0,NA,NA,0,1,Pasture
79,3,0,NA,NA,0,1,Pasture
80,3,1,NA,NA,0,1,Pasture
81,3,0,0,0,0,1,Pasture
82,3,0,0,0,0,1,Pasture
83,3,0,NA,NA,0,1,Pasture
84,3,1,NA,NA,0,1,Pasture
85,3,1,NA,NA,0,1,Pasture
86,3,1,1,NA,0,1,Pasture
87,3,0,NA,NA,0,1,Pasture
88,3,0,1,NA,0,1,Pasture
89,3,1,NA,NA,0,1,Pasture
90,3,0,0,0,0,1,Pasture
91,3,0,0,0,0,1,Pasture
92,3,0,0,0,0,1,Pasture
93,3,0,0,0,0,1,Pasture
94,3,0,NA,NA,0,1,Pasture
95,3,0,0,0,0,1,Pasture
96,3,1,NA,NA,0,1,Pasture
97,3,1,NA,NA,0,1,Pasture
98,3,1,NA,NA,0,1,Pasture
99,3,0,NA,NA,0,1,Pasture
100,3,1,NA,NA,0,1,Pasture
101,3,0,1,NA,0,1,Pasture
102,3,0,1,NA,0,1,Pasture
103,3,0,NA,NA,0,1,Pasture
104,3,1,NA,NA,0,1,Pasture
105,3,1,NA,NA,0,1,Pasture
106,3,0,0,0,0,1,Pasture
107,3,0,0,0,0,1,Pasture
108,3,NA,NA,NA,0,1,Pasture
109,3,0,0,0,0,1,Pasture
110,3,0,NA,NA,0,1,Pasture
111,3,0,NA,NA,0,1,Pasture
112,3,0,NA,NA,0,1,Pasture
113,3,0,0,0,0,1,Pasture
114,3,1,NA,NA,0,1,Pasture
115,3,0,NA,NA,0,1,Pasture
116,3,0,0,0,0,1,Pasture
117,3,0,NA,NA,0,1,Pasture
118,3,0,0,0,0,1,Pasture
119,3,0,NA,NA,0,1,Pasture
120,3,1,NA,NA,0,1,Pasture
121,3,1,NA,NA,0,1,Pasture
122,3,0,0,0,0,1,Pasture
123,3,0,NA,NA,0,1,Pasture
124,3,NA,NA,NA,0,1,Pasture
125,3,NA,NA,NA,0,1,Pasture
126,3,NA,NA,NA,0,1,Pasture
127,3,0,NA,NA,0,1,Pasture
128,3,NA,NA,NA,0,1,Pasture
129,3,NA,NA,NA,0,1,Pasture
130,3,NA,NA,NA,0,1,Pasture
131,3,NA,NA,NA,0,1,Pasture
132,3,NA,NA,NA,0,1,Pasture
133,3,NA,NA,NA,0,1,Pasture
134,3,0,NA,NA,0,1,Pasture
135,3,NA,NA,NA,0,1,Pasture
136,3,NA,NA,NA,1,0,Tussock
137,3,0,0,NA,1,0,Tussock
138,3,0,NA,NA,1,0,Tussock
139,3,1,NA,NA,1,0,Tussock
140,3,0,NA,NA,1,0,Tussock
141,3,NA,NA,NA,1,0,Tussock
142,3,NA,NA,NA,1,0,Tussock
143,3,0,NA,NA,1,0,Tussock
144,3,1,NA,NA,1,0,Tussock
145,3,0,NA,NA,1,0,Tussock
146,3,0,1,NA,1,0,Tussock
147,3,0,0,0,1,0,Tussock
148,3,0,NA,NA,1,0,Tussock
149,3,0,NA,NA,1,0,Tussock
150,3,NA,NA,NA,1,0,Tussock
151,3,0,NA,NA,1,0,Tussock
152,3,0,0,NA,1,0,Tussock
153,3,0,NA,NA,1,0,Tussock
154,3,0,1,NA,1,0,Tussock
155,3,0,0,0,1,0,Tussock
156,3,0,NA,NA,1,0,Tussock
157,3,0,NA,NA,1,0,Tussock
158,3,1,1,NA,1,0,Tussock
159,3,NA,NA,NA,1,0,Tussock
160,3,NA,NA,NA,1,0,Tussock
161,3,NA,NA,NA,1,0,Tussock
162,3,NA,NA,NA,1,0,Tussock
163,3,NA,NA,NA,1,0,Tussock
164,3,0,0,0,1,0,Tussock
165,3,0,NA,NA,1,0,Tussock
166,3,1,NA,NA,1,0,Tussock
167,3,0,NA,NA,1,0,Tussock
168,3,0,1,NA,1,0,Tussock
169,3,1,NA,NA,1,0,Tussock
170,3,0,0,1,1,0,Tussock
171,3,1,NA,NA,1,0,Tussock
172,3,0,0,NA,1,0,Tussock
173,3,0,0,NA,1,0,Tussock
174,3,1,NA,NA,1,0,Tussock
175,3,1,NA,NA,1,0,Tussock
176,3,1,NA,NA,1,0,Tussock
177,3,1,NA,NA,1,0,Tussock
178,3,0,0,1,1,0,Tussock
179,3,0,0,0,1,0,Tussock
180,3,NA,NA,NA,1,0,Tussock
181,3,0,0,0,1,0,Tussock
182,3,NA,NA,NA,1,0,Tussock
183,3,NA,NA,NA,1,0,Tussock
184,3,NA,NA,NA,1,0,Tussock
185,3,NA,NA,NA,1,0,Tussock
186,3,NA,NA,NA,1,0,Tussock
187,3,NA,NA,NA,1,0,Tussock
188,3,NA,NA,NA,1,0,Tussock
189,3,0,0,1,1,0,Tussock
190,3,0,NA,NA,1,0,Tussock
191,3,NA,NA,NA,1,0,Tussock
192,3,0,0,0,1,0,Tussock
193,3,0,0,NA,1,0,Tussock
194,3,0,NA,NA,1,0,Tussock
195,3,0,0,1,1,0,Tussock
196,3,0,0,0,1,0,Tussock
197,3,0,NA,NA,1,0,Tussock
198,3,NA,NA,NA,1,0,Tussock
199,3,0,NA,NA,1,0,Tussock
200,3,0,0,0,1,0,Tussock
201,3,0,0,0,1,0,Tussock
202,3,0,NA,NA,1,0,Tussock
203,3,0,0,1,1,0,Tussock
204,3,0,NA,NA,1,0,Tussock
205,3,0,0,0,1,0,Tussock
206,3,0,NA,NA,1,0,Tussock
207,3,0,NA,NA,1,0,Tussock
208,3,0,NA,NA,1,0,Tussock
209,3,NA,NA,NA,1,0,Tussock
210,3,0,NA,NA,1,0,Tussock
211,3,1,NA,NA,1,0,Tussock
212,3,1,NA,NA,1,0,Tussock
213,3,1,NA,NA,1,0,Tussock
214,3,1,NA,NA,1,0,Tussock
215,3,0,NA,NA,1,0,Tussock
216,3,0,NA,NA,1,0,Tussock
217,3,1,NA,NA,1,0,Tussock
218,3,0,NA,NA,1,0,Tussock
219,3,1,NA,NA,1,0,Tussock
220,3,1,NA,NA,1,0,Tussock
221,3,1,NA,NA,1,0,Tussock
222,3,1,NA,NA,1,0,Tussock
223,3,1,NA,NA,1,0,Tussock
224,3,0,NA,NA,1,0,Tussock
225,3,0,0,0,1,0,Tussock
226,3,0,NA,NA,1,0,Tussock
227,3,0,NA,NA,1,0,Tussock
228,3,1,NA,NA,1,0,Tussock
229,3,0,NA,NA,1,0,Tussock
230,3,1,NA,NA,1,0,Tussock
231,3,0,NA,NA,1,0,Tussock
232,3,0,NA,NA,1,0,Tussock
233,3,0,NA,NA,1,0,Tussock
234,3,1,NA,NA,1,0,Tussock
235,3,0,1,NA,1,0,Tussock
236,3,1,NA,NA,1,0,Tussock
237,3,1,NA,NA,1,0,Tussock
238,3,0,NA,NA,1,0,Tussock
239,3,1,NA,NA,1,0,Tussock
240,3,1,NA,NA,1,0,Tussock
241,3,1,NA,NA,1,0,Tussock
242,3,1,NA,NA,1,0,Tussock
243,3,1,NA,NA,1,0,Tussock
244,3,1,NA,NA,1,0,Tussock
245,3,1,NA,NA,1,0,Tussock
246,3,1,NA,NA,1,0,Tussock
247,3,1,1,NA,1,0,Tussock
248,3,0,NA,NA,1,0,Tussock
249,3,1,NA,NA,1,0,Tussock
250,3,1,NA,NA,1,0,Tussock
251,3,0,NA,NA,1,0,Tussock
252,3,1,NA,NA,1,0,Tussock
253,3,1,NA,NA,1,0,Tussock
254,3,0,0,NA,1,0,Tussock
255,3,0,NA,NA,1,0,Tussock
256,3,0,0,0,1,0,Tussock
257,3,1,NA,NA,1,0,Tussock
258,3,0,0,0,1,0,Tussock
259,3,0,0,0,1,0,Tussock
260,3,1,NA,NA,1,0,Tussock
261,3,0,0,0,1,0,Tussock
262,3,0,NA,NA,1,0,Tussock
263,3,0,NA,NA,1,0,Tussock
264,3,0,NA,NA,1,0,Tussock
265,3,0,NA,NA,1,0,Tussock
266,3,0,NA,NA,1,0,Tussock
267,3,0,NA,NA,1,0,Tussock
268,3,0,0,NA,1,0,Tussock
269,3,0,NA,NA,1,0,Tussock
270,3,1,NA,NA,1,0,Tussock
271,3,NA,NA,NA,1,0,Tussock
272,3,0,0,0,1,0,Tussock
273,3,NA,NA,NA,1,0,Tussock
274,3,0,1,1,1,0,Tussock
275,3,1,NA,NA,1,0,Tussock
276,3,0,0,0,1,0,Tussock
277,3,0,NA,NA,1,0,Tussock
278,3,1,NA,NA,1,0,Tussock
279,3,0,0,0,1,0,Tussock
280,3,0,NA,NA,1,0,Tussock
281,3,0,NA,NA,1,0,Tussock
282,3,0,0,0,1,0,Tussock
283,3,1,NA,NA,1,0,Tussock
284,3,1,NA,NA,1,0,Tussock
285,3,1,NA,NA,1,0,Tussock
286,3,1,NA,NA,1,0,Tussock
287,3,1,NA,NA,1,0,Tussock
288,3,0,NA,NA,1,0,Tussock
289,3,0,NA,NA,1,0,Tussock
290,3,1,NA,NA,1,0,Tussock
291,3,1,NA,NA,1,0,Tussock
292,3,0,0,0,1,0,Tussock
293,3,0,NA,NA,1,0,Tussock
294,3,0,0,0,1,0,Tussock
295,3,1,1,NA,1,0,Tussock
296,3,1,NA,NA,1,0,Tussock
297,3,0,1,NA,1,0,Tussock
298,3,1,NA,NA,1,0,Tussock
299,3,1,NA,NA,1,0,Tussock
300,3,1,NA,NA,1,0,Tussock
301,3,1,NA,NA,1,0,Tussock
302,3,0,0,0,1,0,Tussock
303,3,0,NA,NA,1,0,Tussock
304,3,0,NA,NA,1,0,Tussock
305,3,0,NA,NA,1,0,Tussock
306,3,0,NA,NA,1,0,Tussock
307,3,0,0,1,1,0,Tussock
308,3,1,NA,NA,1,0,Tussock
309,3,NA,NA,NA,1,0,Tussock
310,3,1,NA,NA,1,0,Tussock
311,3,0,NA,NA,1,0,Tussock
312,3,0,NA,NA,1,0,Tussock
313,3,1,NA,NA,1,0,Tussock
314,3,1,NA,NA,1,0,Tussock
315,3,0,NA,NA,1,0,Tussock
316,3,1,NA,NA,1,0,Tussock
317,3,0,NA,NA,1,0,Tussock
318,3,0,NA,NA,1,0,Tussock
319,3,NA,NA,NA,1,0,Tussock
320,3,NA,NA,NA,1,0,Tussock
321,3,0,NA,NA,1,0,Tussock
322,3,NA,NA,NA,1,0,Tussock
323,3,NA,NA,NA,1,0,Tussock
324,3,NA,NA,NA,1,0,Tussock
325,3,1,NA,NA,1,0,Tussock
326,3,NA,NA,NA,1,0,Tussock
327,3,NA,NA,NA,1,0,Tussock
328,3,0,NA,NA,1,0,Tussock
329,3,0,NA,NA,1,0,Tussock
330,3,0,NA,NA,1,0,Tussock
331,3,NA,NA,NA,1,0,Tussock
332,3,NA,NA,NA,1,0,Tussock
333,3,NA,NA,NA,1,0,Tussock
334,3,NA,NA,NA,1,0,Tussock
335,3,1,NA,NA,1,0,Tussock
336,3,1,NA,NA,1,0,Tussock
337,3,NA,NA,NA,1,0,Tussock
338,3,0,0,NA,1,0,Tussock
1,4,0,0,0,0,1,Pasture
2,4,0,0,0,0,1,Pasture
3,4,0,0,0,0,1,Pasture
4,4,0,0,NA,0,1,Pasture
5,4,NA,NA,NA,0,1,Pasture
6,4,NA,NA,NA,0,1,Pasture
7,4,NA,NA,NA,0,1,Pasture
8,4,NA,NA,NA,0,1,Pasture
9,4,NA,NA,NA,0,1,Pasture
10,4,0,NA,NA,0,1,Pasture
11,4,NA,NA,NA,0,1,Pasture
12,4,0,0,0,0,1,Pasture
13,4,1,NA,NA,0,1,Pasture
14,4,0,NA,NA,0,1,Pasture
15,4,0,NA,NA,0,1,Pasture
16,4,0,NA,NA,0,1,Pasture
17,4,0,NA,NA,0,1,Pasture
18,4,0,NA,NA,0,1,Pasture
19,4,0,0,0,0,1,Pasture
20,4,0,NA,NA,0,1,Pasture
21,4,0,0,NA,0,1,Pasture
22,4,0,0,0,0,1,Pasture
23,4,0,NA,NA,0,1,Pasture
24,4,0,0,0,0,1,Pasture
25,4,0,0,0,0,1,Pasture
26,4,0,NA,NA,0,1,Pasture
27,4,0,0,0,0,1,Pasture
28,4,0,0,NA,0,1,Pasture
29,4,NA,NA,NA,0,1,Pasture
30,4,0,NA,NA,0,1,Pasture
31,4,0,0,0,0,1,Pasture
32,4,0,NA,NA,0,1,Pasture
33,4,1,NA,NA,0,1,Pasture
34,4,1,1,NA,0,1,Pasture
35,4,0,NA,NA,0,1,Pasture
36,4,0,0,0,0,1,Pasture
37,4,1,NA,NA,0,1,Pasture
38,4,0,0,0,0,1,Pasture
39,4,0,NA,NA,0,1,Pasture
40,4,0,0,0,0,1,Pasture
41,4,0,0,0,0,1,Pasture
42,4,0,0,0,0,1,Pasture
43,4,0,0,0,0,1,Pasture
44,4,0,0,0,0,1,Pasture
45,4,0,0,0,0,1,Pasture
46,4,0,NA,NA,0,1,Pasture
47,4,0,0,0,0,1,Pasture
48,4,0,0,0,0,1,Pasture
49,4,0,NA,NA,0,1,Pasture
50,4,0,0,0,0,1,Pasture
51,4,0,NA,NA,0,1,Pasture
52,4,0,NA,NA,0,1,Pasture
53,4,0,NA,NA,0,1,Pasture
54,4,0,NA,NA,0,1,Pasture
55,4,0,NA,NA,0,1,Pasture
56,4,0,NA,NA,0,1,Pasture
57,4,0,0,0,0,1,Pasture
58,4,0,NA,NA,0,1,Pasture
59,4,0,NA,NA,0,1,Pasture
60,4,0,NA,NA,0,1,Pasture
61,4,0,0,0,0,1,Pasture
62,4,0,NA,NA,0,1,Pasture
63,4,0,0,0,0,1,Pasture
64,4,0,0,0,0,1,Pasture
65,4,0,0,0,0,1,Pasture
66,4,0,NA,NA,0,1,Pasture
67,4,0,NA,NA,0,1,Pasture
68,4,0,NA,NA,0,1,Pasture
69,4,0,0,0,0,1,Pasture
70,4,0,0,0,0,1,Pasture
71,4,0,0,0,0,1,Pasture
72,4,0,0,0,0,1,Pasture
73,4,0,0,0,0,1,Pasture
74,4,0,0,0,0,1,Pasture
75,4,NA,NA,NA,0,1,Pasture
76,4,0,0,0,0,1,Pasture
77,4,0,NA,NA,0,1,Pasture
78,4,1,NA,NA,0,1,Pasture
79,4,0,0,0,0,1,Pasture
80,4,0,1,NA,0,1,Pasture
81,4,0,0,0,0,1,Pasture
82,4,0,0,NA,0,1,Pasture
83,4,1,NA,NA,0,1,Pasture
84,4,1,NA,NA,0,1,Pasture
85,4,0,0,NA,0,1,Pasture
86,4,1,NA,NA,0,1,Pasture
87,4,NA,NA,NA,0,1,Pasture
88,4,0,0,0,0,1,Pasture
89,4,0,NA,NA,0,1,Pasture
90,4,0,0,0,0,1,Pasture
91,4,0,0,0,0,1,Pasture
92,4,0,0,0,0,1,Pasture
93,4,0,0,0,0,1,Pasture
94,4,0,NA,NA,0,1,Pasture
95,4,0,0,0,0,1,Pasture
96,4,1,NA,NA,0,1,Pasture
97,4,1,NA,NA,0,1,Pasture
98,4,1,NA,NA,0,1,Pasture
99,4,1,NA,NA,0,1,Pasture
100,4,1,NA,NA,0,1,Pasture
101,4,1,NA,NA,0,1,Pasture
102,4,1,1,NA,0,1,Pasture
103,4,0,NA,NA,0,1,Pasture
104,4,1,NA,NA,0,1,Pasture
105,4,1,NA,NA,0,1,Pasture
106,4,0,0,0,0,1,Pasture
107,4,0,0,0,0,1,Pasture
108,4,1,NA,NA,0,1,Pasture
109,4,0,0,NA,0,1,Pasture
110,4,0,NA,NA,0,1,Pasture
111,4,0,NA,NA,0,1,Pasture
112,4,0,NA,NA,0,1,Pasture
113,4,0,0,0,0,1,Pasture
114,4,0,0,0,0,1,Pasture
115,4,0,NA,NA,0,1,Pasture
116,4,0,0,0,0,1,Pasture
117,4,0,NA,NA,0,1,Pasture
118,4,0,0,0,0,1,Pasture
119,4,0,NA,NA,0,1,Pasture
120,4,1,NA,NA,0,1,Pasture
121,4,0,1,NA,0,1,Pasture
122,4,0,0,0,0,1,Pasture
123,4,0,NA,NA,0,1,Pasture
124,4,NA,NA,NA,0,1,Pasture
125,4,NA,NA,NA,0,1,Pasture
126,4,0,NA,NA,0,1,Pasture
127,4,1,NA,NA,0,1,Pasture
128,4,NA,NA,NA,0,1,Pasture
129,4,NA,NA,NA,0,1,Pasture
130,4,NA,NA,NA,0,1,Pasture
131,4,NA,NA,NA,0,1,Pasture
132,4,NA,NA,NA,0,1,Pasture
133,4,1,NA,NA,0,1,Pasture
134,4,0,NA,NA,0,1,Pasture
135,4,NA,NA,NA,0,1,Pasture
136,4,NA,NA,NA,1,0,Tussock
137,4,0,0,NA,1,0,Tussock
138,4,1,NA,NA,1,0,Tussock
139,4,0,NA,NA,1,0,Tussock
140,4,0,NA,NA,1,0,Tussock
141,4,0,NA,NA,1,0,Tussock
142,4,NA,NA,NA,1,0,Tussock
143,4,0,NA,NA,1,0,Tussock
144,4,0,NA,NA,1,0,Tussock
145,4,1,NA,NA,1,0,Tussock
146,4,0,NA,NA,1,0,Tussock
147,4,0,0,0,1,0,Tussock
148,4,0,NA,NA,1,0,Tussock
149,4,0,NA,NA,1,0,Tussock
150,4,NA,NA,NA,1,0,Tussock
151,4,0,NA,NA,1,0,Tussock
152,4,0,0,0,1,0,Tussock
153,4,0,NA,NA,1,0,Tussock
154,4,0,0,0,1,0,Tussock
155,4,0,0,0,1,0,Tussock
156,4,0,NA,NA,1,0,Tussock
157,4,0,NA,NA,1,0,Tussock
158,4,1,NA,NA,1,0,Tussock
159,4,NA,NA,NA,1,0,Tussock
160,4,NA,NA,NA,1,0,Tussock
161,4,NA,NA,NA,1,0,Tussock
162,4,NA,NA,NA,1,0,Tussock
163,4,NA,NA,NA,1,0,Tussock
164,4,1,NA,NA,1,0,Tussock
165,4,0,NA,NA,1,0,Tussock
166,4,1,NA,NA,1,0,Tussock
167,4,0,NA,NA,1,0,Tussock
168,4,1,NA,NA,1,0,Tussock
169,4,1,NA,NA,1,0,Tussock
170,4,1,NA,NA,1,0,Tussock
171,4,1,NA,NA,1,0,Tussock
172,4,0,NA,NA,1,0,Tussock
173,4,0,NA,NA,1,0,Tussock
174,4,0,NA,NA,1,0,Tussock
175,4,1,NA,NA,1,0,Tussock
176,4,1,NA,NA,1,0,Tussock
177,4,1,NA,NA,1,0,Tussock
178,4,1,NA,NA,1,0,Tussock
179,4,0,NA,NA,1,0,Tussock
180,4,0,NA,NA,1,0,Tussock
181,4,0,0,0,1,0,Tussock
182,4,NA,NA,NA,1,0,Tussock
183,4,NA,NA,NA,1,0,Tussock
184,4,NA,NA,NA,1,0,Tussock
185,4,NA,NA,NA,1,0,Tussock
186,4,0,NA,NA,1,0,Tussock
187,4,0,NA,NA,1,0,Tussock
188,4,0,NA,NA,1,0,Tussock
189,4,1,NA,NA,1,0,Tussock
190,4,0,NA,NA,1,0,Tussock
191,4,0,NA,NA,1,0,Tussock
192,4,0,0,0,1,0,Tussock
193,4,0,NA,NA,1,0,Tussock
194,4,0,NA,NA,1,0,Tussock
195,4,0,NA,NA,1,0,Tussock
196,4,1,NA,NA,1,0,Tussock
197,4,0,NA,NA,1,0,Tussock
198,4,1,NA,NA,1,0,Tussock
199,4,0,0,NA,1,0,Tussock
200,4,0,0,0,1,0,Tussock
201,4,0,0,0,1,0,Tussock
202,4,0,NA,NA,1,0,Tussock
203,4,1,NA,NA,1,0,Tussock
204,4,0,NA,NA,1,0,Tussock
205,4,0,0,0,1,0,Tussock
206,4,0,NA,NA,1,0,Tussock
207,4,1,NA,NA,1,0,Tussock
208,4,0,0,0,1,0,Tussock
209,4,NA,NA,NA,1,0,Tussock
210,4,1,NA,NA,1,0,Tussock
211,4,1,NA,NA,1,0,Tussock
212,4,1,NA,NA,1,0,Tussock
213,4,0,0,0,1,0,Tussock
214,4,0,NA,NA,1,0,Tussock
215,4,0,0,0,1,0,Tussock
216,4,1,NA,NA,1,0,Tussock
217,4,1,NA,NA,1,0,Tussock
218,4,1,NA,NA,1,0,Tussock
219,4,1,NA,NA,1,0,Tussock
220,4,1,NA,NA,1,0,Tussock
221,4,1,NA,NA,1,0,Tussock
222,4,1,NA,NA,1,0,Tussock
223,4,1,NA,NA,1,0,Tussock
224,4,0,NA,NA,1,0,Tussock
225,4,0,0,NA,1,0,Tussock
226,4,0,NA,NA,1,0,Tussock
227,4,0,0,NA,1,0,Tussock
228,4,1,NA,NA,1,0,Tussock
229,4,1,NA,NA,1,0,Tussock
230,4,1,NA,NA,1,0,Tussock
231,4,0,NA,NA,1,0,Tussock
232,4,0,NA,NA,1,0,Tussock
233,4,NA,NA,NA,1,0,Tussock
234,4,1,NA,NA,1,0,Tussock
235,4,1,NA,NA,1,0,Tussock
236,4,1,NA,NA,1,0,Tussock
237,4,1,NA,NA,1,0,Tussock
238,4,1,NA,NA,1,0,Tussock
239,4,1,NA,NA,1,0,Tussock
240,4,1,NA,NA,1,0,Tussock
241,4,1,NA,NA,1,0,Tussock
242,4,1,NA,NA,1,0,Tussock
243,4,1,NA,NA,1,0,Tussock
244,4,1,NA,NA,1,0,Tussock
245,4,1,NA,NA,1,0,Tussock
246,4,1,NA,NA,1,0,Tussock
247,4,1,NA,NA,1,0,Tussock
248,4,0,NA,NA,1,0,Tussock
249,4,1,NA,NA,1,0,Tussock
250,4,1,NA,NA,1,0,Tussock
251,4,1,NA,NA,1,0,Tussock
252,4,1,1,NA,1,0,Tussock
253,4,0,0,0,1,0,Tussock
254,4,1,NA,NA,1,0,Tussock
255,4,0,NA,NA,1,0,Tussock
256,4,0,0,0,1,0,Tussock
257,4,0,NA,NA,1,0,Tussock
258,4,0,0,0,1,0,Tussock
259,4,0,0,0,1,0,Tussock
260,4,1,1,1,1,0,Tussock
261,4,0,0,0,1,0,Tussock
262,4,1,NA,NA,1,0,Tussock
263,4,0,NA,NA,1,0,Tussock
264,4,0,NA,NA,1,0,Tussock
265,4,0,NA,NA,1,0,Tussock
266,4,0,NA,NA,1,0,Tussock
267,4,0,0,NA,1,0,Tussock
268,4,0,0,0,1,0,Tussock
269,4,0,NA,NA,1,0,Tussock
270,4,0,NA,NA,1,0,Tussock
271,4,0,0,1,1,0,Tussock
272,4,0,NA,NA,1,0,Tussock
273,4,0,NA,NA,1,0,Tussock
274,4,0,1,1,1,0,Tussock
275,4,0,1,NA,1,0,Tussock
276,4,0,NA,NA,1,0,Tussock
277,4,0,NA,NA,1,0,Tussock
278,4,1,NA,NA,1,0,Tussock
279,4,0,0,NA,1,0,Tussock
280,4,0,NA,NA,1,0,Tussock
281,4,1,NA,NA,1,0,Tussock
282,4,0,1,NA,1,0,Tussock
283,4,1,NA,NA,1,0,Tussock
284,4,1,NA,NA,1,0,Tussock
285,4,1,NA,NA,1,0,Tussock
286,4,1,NA,NA,1,0,Tussock
287,4,1,NA,NA,1,0,Tussock
288,4,NA,NA,NA,1,0,Tussock
289,4,1,NA,NA,1,0,Tussock
290,4,1,1,NA,1,0,Tussock
291,4,1,NA,NA,1,0,Tussock
292,4,0,0,0,1,0,Tussock
293,4,NA,NA,NA,1,0,Tussock
294,4,0,0,0,1,0,Tussock
295,4,1,NA,NA,1,0,Tussock
296,4,1,NA,NA,1,0,Tussock
297,4,1,NA,NA,1,0,Tussock
298,4,1,NA,NA,1,0,Tussock
299,4,1,NA,NA,1,0,Tussock
300,4,1,NA,NA,1,0,Tussock
301,4,1,NA,NA,1,0,Tussock
302,4,0,0,0,1,0,Tussock
303,4,0,NA,NA,1,0,Tussock
304,4,0,NA,NA,1,0,Tussock
305,4,0,0,NA,1,0,Tussock
306,4,0,NA,NA,1,0,Tussock
307,4,1,0,NA,1,0,Tussock
308,4,1,NA,NA,1,0,Tussock
309,4,NA,NA,NA,1,0,Tussock
310,4,1,NA,NA,1,0,Tussock
311,4,1,NA,NA,1,0,Tussock
312,4,1,NA,NA,1,0,Tussock
313,4,0,1,NA,1,0,Tussock
314,4,NA,NA,NA,1,0,Tussock
315,4,NA,NA,NA,1,0,Tussock
316,4,NA,NA,NA,1,0,Tussock
317,4,1,NA,NA,1,0,Tussock
318,4,NA,NA,NA,1,0,Tussock
319,4,0,NA,NA,1,0,Tussock
320,4,0,NA,NA,1,0,Tussock
321,4,NA,NA,NA,1,0,Tussock
322,4,NA,NA,NA,1,0,Tussock
323,4,0,NA,NA,1,0,Tussock
324,4,0,NA,NA,1,0,Tussock
325,4,1,NA,NA,1,0,Tussock
326,4,1,NA,NA,1,0,Tussock
327,4,NA,NA,NA,1,0,Tussock
328,4,0,NA,NA,1,0,Tussock
329,4,NA,NA,NA,1,0,Tussock
330,4,NA,NA,NA,1,0,Tussock
331,4,0,NA,NA,1,0,Tussock
332,4,0,NA,NA,1,0,Tussock
333,4,0,NA,NA,1,0,Tussock
334,4,NA,NA,NA,1,0,Tussock
335,4,NA,NA,NA,1,0,Tussock
336,4,NA,NA,NA,1,0,Tussock
337,4,NA,NA,NA,1,0,Tussock
338,4,0,NA,NA,1,0,Tussock
1,5,0,0,0,0,1,Pasture
2,5,0,0,0,0,1,Pasture
3,5,0,0,0,0,1,Pasture
4,5,0,NA,NA,0,1,Pasture
5,5,0,NA,NA,0,1,Pasture
6,5,0,NA,NA,0,1,Pasture
7,5,0,NA,NA,0,1,Pasture
8,5,0,NA,NA,0,1,Pasture
9,5,0,NA,NA,0,1,Pasture
10,5,0,NA,NA,0,1,Pasture
11,5,0,NA,NA,0,1,Pasture
12,5,0,0,0,0,1,Pasture
13,5,1,NA,NA,0,1,Pasture
14,5,0,0,NA,0,1,Pasture
15,5,0,0,NA,0,1,Pasture
16,5,0,0,NA,0,1,Pasture
17,5,0,NA,NA,0,1,Pasture
18,5,0,NA,NA,0,1,Pasture
19,5,0,0,0,0,1,Pasture
20,5,0,0,NA,0,1,Pasture
21,5,0,NA,NA,0,1,Pasture
22,5,0,0,NA,0,1,Pasture
23,5,0,NA,NA,0,1,Pasture
24,5,0,0,0,0,1,Pasture
25,5,0,0,0,0,1,Pasture
26,5,0,0,NA,0,1,Pasture
27,5,0,0,0,0,1,Pasture
28,5,0,0,0,0,1,Pasture
29,5,0,NA,NA,0,1,Pasture
30,5,0,0,0,0,1,Pasture
31,5,0,0,0,0,1,Pasture
32,5,0,NA,NA,0,1,Pasture
33,5,0,0,1,0,1,Pasture
34,5,1,1,NA,0,1,Pasture
35,5,0,NA,NA,0,1,Pasture
36,5,0,0,0,0,1,Pasture
37,5,0,0,0,0,1,Pasture
38,5,0,0,0,0,1,Pasture
39,5,0,0,0,0,1,Pasture
40,5,0,0,0,0,1,Pasture
41,5,0,0,0,0,1,Pasture
42,5,0,0,0,0,1,Pasture
43,5,0,0,NA,0,1,Pasture
44,5,0,0,0,0,1,Pasture
45,5,0,0,NA,0,1,Pasture
46,5,0,NA,NA,0,1,Pasture
47,5,0,NA,NA,0,1,Pasture
48,5,0,NA,NA,0,1,Pasture
49,5,0,NA,NA,0,1,Pasture
50,5,0,NA,NA,0,1,Pasture
51,5,0,NA,NA,0,1,Pasture
52,5,0,NA,NA,0,1,Pasture
53,5,0,NA,NA,0,1,Pasture
54,5,0,NA,NA,0,1,Pasture
55,5,0,NA,NA,0,1,Pasture
56,5,0,NA,NA,0,1,Pasture
57,5,0,NA,NA,0,1,Pasture
58,5,0,0,NA,0,1,Pasture
59,5,0,NA,NA,0,1,Pasture
60,5,0,NA,NA,0,1,Pasture
61,5,0,0,0,0,1,Pasture
62,5,0,NA,NA,0,1,Pasture
63,5,0,0,NA,0,1,Pasture
64,5,0,0,0,0,1,Pasture
65,5,0,NA,NA,0,1,Pasture
66,5,0,NA,NA,0,1,Pasture
67,5,0,NA,NA,0,1,Pasture
68,5,0,NA,NA,0,1,Pasture
69,5,0,0,0,0,1,Pasture
70,5,1,NA,NA,0,1,Pasture
71,5,0,1,0,0,1,Pasture
72,5,0,NA,NA,0,1,Pasture
73,5,0,NA,NA,0,1,Pasture
74,5,0,NA,NA,0,1,Pasture
75,5,NA,NA,NA,0,1,Pasture
76,5,0,0,0,0,1,Pasture
77,5,0,NA,NA,0,1,Pasture
78,5,0,0,NA,0,1,Pasture
79,5,0,NA,NA,0,1,Pasture
80,5,0,0,0,0,1,Pasture
81,5,1,NA,NA,0,1,Pasture
82,5,0,NA,NA,0,1,Pasture
83,5,0,0,NA,0,1,Pasture
84,5,1,NA,NA,0,1,Pasture
85,5,0,0,NA,0,1,Pasture
86,5,1,NA,NA,0,1,Pasture
87,5,NA,NA,NA,0,1,Pasture
88,5,0,1,NA,0,1,Pasture
89,5,1,NA,NA,0,1,Pasture
90,5,0,NA,NA,0,1,Pasture
91,5,0,NA,NA,0,1,Pasture
92,5,0,NA,NA,0,1,Pasture
93,5,0,NA,NA,0,1,Pasture
94,5,0,NA,NA,0,1,Pasture
95,5,0,0,NA,0,1,Pasture
96,5,1,NA,NA,0,1,Pasture
97,5,1,NA,NA,0,1,Pasture
98,5,0,1,NA,0,1,Pasture
99,5,1,0,NA,0,1,Pasture
100,5,1,NA,NA,0,1,Pasture
101,5,1,NA,NA,0,1,Pasture
102,5,0,0,0,0,1,Pasture
103,5,0,NA,NA,0,1,Pasture
104,5,0,1,NA,0,1,Pasture
105,5,1,NA,NA,0,1,Pasture
106,5,0,NA,NA,0,1,Pasture
107,5,0,NA,NA,0,1,Pasture
108,5,0,NA,NA,0,1,Pasture
109,5,0,NA,NA,0,1,Pasture
110,5,0,NA,NA,0,1,Pasture
111,5,0,NA,NA,0,1,Pasture
112,5,0,NA,NA,0,1,Pasture
113,5,0,0,0,0,1,Pasture
114,5,0,0,0,0,1,Pasture
115,5,0,NA,NA,0,1,Pasture
116,5,0,0,0,0,1,Pasture
117,5,0,NA,NA,0,1,Pasture
118,5,0,NA,NA,0,1,Pasture
119,5,0,NA,NA,0,1,Pasture
120,5,1,NA,NA,0,1,Pasture
121,5,1,NA,NA,0,1,Pasture
122,5,1,NA,NA,0,1,Pasture
123,5,1,NA,NA,0,1,Pasture
124,5,NA,NA,NA,0,1,Pasture
125,5,NA,NA,NA,0,1,Pasture
126,5,0,NA,NA,0,1,Pasture
127,5,0,0,NA,0,1,Pasture
128,5,1,NA,NA,0,1,Pasture
129,5,1,NA,NA,0,1,Pasture
130,5,0,NA,NA,0,1,Pasture
131,5,0,NA,NA,0,1,Pasture
132,5,0,NA,NA,0,1,Pasture
133,5,NA,NA,NA,0,1,Pasture
134,5,0,NA,NA,0,1,Pasture
135,5,0,NA,NA,0,1,Pasture
136,5,NA,NA,NA,1,0,Tussock
137,5,0,0,0,1,0,Tussock
138,5,0,NA,NA,1,0,Tussock
139,5,0,1,NA,1,0,Tussock
140,5,0,NA,NA,1,0,Tussock
141,5,1,NA,NA,1,0,Tussock
142,5,NA,NA,NA,1,0,Tussock
143,5,0,0,NA,1,0,Tussock
144,5,1,NA,NA,1,0,Tussock
145,5,0,NA,NA,1,0,Tussock
146,5,1,1,NA,1,0,Tussock
147,5,0,0,0,1,0,Tussock
148,5,0,NA,NA,1,0,Tussock
149,5,NA,NA,NA,1,0,Tussock
150,5,NA,NA,NA,1,0,Tussock
151,5,0,NA,NA,1,0,Tussock
152,5,0,0,0,1,0,Tussock
153,5,0,0,NA,1,0,Tussock
154,5,0,0,0,1,0,Tussock
155,5,0,0,0,1,0,Tussock
156,5,0,0,NA,1,0,Tussock
157,5,0,NA,NA,1,0,Tussock
158,5,0,1,0,1,0,Tussock
159,5,NA,NA,NA,1,0,Tussock
160,5,NA,NA,NA,1,0,Tussock
161,5,NA,NA,NA,1,0,Tussock
162,5,NA,NA,NA,1,0,Tussock
163,5,NA,NA,NA,1,0,Tussock
164,5,0,0,0,1,0,Tussock
165,5,1,NA,NA,1,0,Tussock
166,5,1,0,NA,1,0,Tussock
167,5,1,0,NA,1,0,Tussock
168,5,0,0,0,1,0,Tussock
169,5,1,NA,NA,1,0,Tussock
170,5,1,0,1,1,0,Tussock
171,5,0,0,NA,1,0,Tussock
172,5,0,NA,NA,1,0,Tussock
173,5,0,NA,NA,1,0,Tussock
174,5,1,1,NA,1,0,Tussock
175,5,1,1,NA,1,0,Tussock
176,5,0,0,NA,1,0,Tussock
177,5,1,NA,NA,1,0,Tussock
178,5,1,0,NA,1,0,Tussock
179,5,0,0,NA,1,0,Tussock
180,5,0,NA,NA,1,0,Tussock
181,5,0,0,0,1,0,Tussock
182,5,NA,NA,NA,1,0,Tussock
183,5,NA,NA,NA,1,0,Tussock
184,5,NA,NA,NA,1,0,Tussock
185,5,NA,NA,NA,1,0,Tussock
186,5,0,NA,NA,1,0,Tussock
187,5,0,NA,NA,1,0,Tussock
188,5,0,NA,NA,1,0,Tussock
189,5,0,0,1,1,0,Tussock
190,5,0,NA,NA,1,0,Tussock
191,5,1,NA,NA,1,0,Tussock
192,5,0,0,0,1,0,Tussock
193,5,0,NA,NA,1,0,Tussock
194,5,0,NA,NA,1,0,Tussock
195,5,0,0,0,1,0,Tussock
196,5,0,0,0,1,0,Tussock
197,5,0,NA,NA,1,0,Tussock
198,5,0,NA,NA,1,0,Tussock
199,5,0,NA,NA,1,0,Tussock
200,5,0,0,0,1,0,Tussock
201,5,0,0,0,1,0,Tussock
202,5,0,NA,NA,1,0,Tussock
203,5,1,1,NA,1,0,Tussock
204,5,0,0,NA,1,0,Tussock
205,5,0,0,0,1,0,Tussock
206,5,0,NA,NA,1,0,Tussock
207,5,0,NA,NA,1,0,Tussock
208,5,0,NA,NA,1,0,Tussock
209,5,0,NA,NA,1,0,Tussock
210,5,0,NA,NA,1,0,Tussock
211,5,1,NA,NA,1,0,Tussock
212,5,1,1,NA,1,0,Tussock
213,5,0,0,0,1,0,Tussock
214,5,0,NA,NA,1,0,Tussock
215,5,0,0,0,1,0,Tussock
216,5,1,NA,NA,1,0,Tussock
217,5,0,NA,NA,1,0,Tussock
218,5,0,NA,NA,1,0,Tussock
219,5,1,NA,NA,1,0,Tussock
220,5,1,NA,NA,1,0,Tussock
221,5,1,NA,NA,1,0,Tussock
222,5,1,NA,NA,1,0,Tussock
223,5,1,NA,NA,1,0,Tussock
224,5,0,NA,NA,1,0,Tussock
225,5,0,0,0,1,0,Tussock
226,5,0,NA,NA,1,0,Tussock
227,5,0,NA,NA,1,0,Tussock
228,5,0,0,1,1,0,Tussock
229,5,1,0,NA,1,0,Tussock
230,5,1,1,NA,1,0,Tussock
231,5,0,NA,NA,1,0,Tussock
232,5,0,NA,NA,1,0,Tussock
233,5,0,NA,NA,1,0,Tussock
234,5,1,NA,NA,1,0,Tussock
235,5,1,NA,NA,1,0,Tussock
236,5,0,0,NA,1,0,Tussock
237,5,1,NA,NA,1,0,Tussock
238,5,1,NA,NA,1,0,Tussock
239,5,1,NA,NA,1,0,Tussock
240,5,1,NA,NA,1,0,Tussock
241,5,1,NA,NA,1,0,Tussock
242,5,1,NA,NA,1,0,Tussock
243,5,1,NA,NA,1,0,Tussock
244,5,0,1,0,1,0,Tussock
245,5,1,NA,NA,1,0,Tussock
246,5,0,0,NA,1,0,Tussock
247,5,1,NA,NA,1,0,Tussock
248,5,0,NA,NA,1,0,Tussock
249,5,0,0,NA,1,0,Tussock
250,5,1,NA,NA,1,0,Tussock
251,5,0,1,NA,1,0,Tussock
252,5,1,NA,NA,1,0,Tussock
253,5,1,NA,NA,1,0,Tussock
254,5,1,NA,NA,1,0,Tussock
255,5,0,NA,NA,1,0,Tussock
256,5,1,0,0,1,0,Tussock
257,5,0,NA,NA,1,0,Tussock
258,5,0,0,0,1,0,Tussock
259,5,0,0,0,1,0,Tussock
260,5,1,NA,NA,1,0,Tussock
261,5,1,NA,NA,1,0,Tussock
262,5,0,NA,NA,1,0,Tussock
263,5,0,0,NA,1,0,Tussock
264,5,0,0,NA,1,0,Tussock
265,5,0,NA,NA,1,0,Tussock
266,5,0,NA,NA,1,0,Tussock
267,5,0,NA,NA,1,0,Tussock
268,5,0,0,0,1,0,Tussock
269,5,0,NA,NA,1,0,Tussock
270,5,0,NA,NA,1,0,Tussock
271,5,0,0,NA,1,0,Tussock
272,5,0,0,0,1,0,Tussock
273,5,0,NA,NA,1,0,Tussock
274,5,1,NA,NA,1,0,Tussock
275,5,1,NA,NA,1,0,Tussock
276,5,0,0,0,1,0,Tussock
277,5,0,NA,NA,1,0,Tussock
278,5,1,NA,NA,1,0,Tussock
279,5,0,0,0,1,0,Tussock
280,5,0,NA,NA,1,0,Tussock
281,5,0,NA,NA,1,0,Tussock
282,5,0,0,0,1,0,Tussock
283,5,1,NA,NA,1,0,Tussock
284,5,1,NA,NA,1,0,Tussock
285,5,1,NA,NA,1,0,Tussock
286,5,1,NA,NA,1,0,Tussock
287,5,1,NA,NA,1,0,Tussock
288,5,0,NA,NA,1,0,Tussock
289,5,1,NA,NA,1,0,Tussock
290,5,1,NA,NA,1,0,Tussock
291,5,1,NA,NA,1,0,Tussock
292,5,1,NA,NA,1,0,Tussock
293,5,NA,NA,NA,1,0,Tussock
294,5,1,NA,NA,1,0,Tussock
295,5,1,NA,NA,1,0,Tussock
296,5,0,0,NA,1,0,Tussock
297,5,0,1,NA,1,0,Tussock
298,5,0,NA,NA,1,0,Tussock
299,5,0,0,NA,1,0,Tussock
300,5,0,NA,NA,1,0,Tussock
301,5,1,NA,NA,1,0,Tussock
302,5,0,NA,NA,1,0,Tussock
303,5,0,NA,NA,1,0,Tussock
304,5,0,NA,NA,1,0,Tussock
305,5,0,NA,NA,1,0,Tussock
306,5,1,NA,NA,1,0,Tussock
307,5,1,1,NA,1,0,Tussock
308,5,1,NA,NA,1,0,Tussock
309,5,NA,NA,NA,1,0,Tussock
310,5,1,NA,NA,1,0,Tussock
311,5,1,NA,NA,1,0,Tussock
312,5,0,NA,NA,1,0,Tussock
313,5,1,NA,NA,1,0,Tussock
314,5,1,NA,NA,1,0,Tussock
315,5,NA,NA,NA,1,0,Tussock
316,5,1,NA,NA,1,0,Tussock
317,5,1,NA,NA,1,0,Tussock
318,5,0,NA,NA,1,0,Tussock
319,5,0,NA,NA,1,0,Tussock
320,5,0,NA,NA,1,0,Tussock
321,5,0,NA,NA,1,0,Tussock
322,5,0,NA,NA,1,0,Tussock
323,5,0,NA,NA,1,0,Tussock
324,5,0,NA,NA,1,0,Tussock
325,5,1,NA,NA,1,0,Tussock
326,5,1,NA,NA,1,0,Tussock
327,5,0,NA,NA,1,0,Tussock
328,5,0,NA,NA,1,0,Tussock
329,5,0,NA,NA,1,0,Tussock
330,5,0,NA,NA,1,0,Tussock
331,5,NA,NA,NA,1,0,Tussock
332,5,0,NA,NA,1,0,Tussock
333,5,0,NA,NA,1,0,Tussock
334,5,0,NA,NA,1,0,Tussock
335,5,0,NA,NA,1,0,Tussock
336,5,NA,NA,NA,1,0,Tussock
337,5,NA,NA,NA,1,0,Tussock
338,5,0,NA,NA,1,0,Tussock
